Key,Value
CellProfiler_Version,3.1.9
ChannelType_Inhibitory,Mask
ChannelType_Neurons,Mask
ChannelType_Sensory,Mask
ImageSet_Zip_Dictionary,eG1sMCJjbz9PTUU6L3d3Lm9wLmNtL09NRTZOZXVyb25zTmV1cm9ucyIgU2l6ZVQ9IjEiIFNpemVYPSIxIiBTaXplWT0iMSI+PFRpZmZEYXRhIEZpcnN0Qz0iMCIgRmlyc3RUPSIwIiBGaXJzdFo9IjAiIElGRD0iMCIgUGxhbmVDb3VudD0iMSI+PFVVSUQgRmlsZU5hbWU9ImZpbGU6Ly8vRTovT21hci9CSU00MDA5LUhvbm9ycy1Qcm9qZWN0L0lsYXN0aWstQmF0Y2gtRXhwb3J0cy1NTi9DMHMvQ19FLVNOLTEtSC1NTkZpdGlmPjxhdFBsYW5lIFRoZUM9IjAiIFRoZVQ9IjAiWj0iMCIvPjwvUHg+PC9tYUltYWdlIElTZW5zb3J5Ij48UGl4ZWxzIGVuc29uZGVyVCIgSUQ9IlNlbnNvcnkiIFNpemVUPSIxIiBTaXplWD0iMSIgU2l6ZVk9IjEiPjxUaWZmRGF0YSBGaXJzdEM9IjAiIEZpcnN0VD0iMCIgRmlyc3RaPSIwIiBJRkQ9IjAiIFBsYW5lQ291bnQ9IjEiPjxVVUlEIEZpbGVOYW1lPSJmaWxlOi8vL0U6L09tYXIvQklNNDAwOS1Ib25vcnMtUHJvamVjdC9JbGFzdGlrLUJhdGNoLUV4cG9ydHMtTU4vQzFvcnkvQ19FNy1TRUNUSU9OLTExLVJWSC1NTi0yLnRpZiIvPjwvVGlmZkRhdGE+PFBsYW5lIFRoZUM9IjAiIFRoZVQ9IjAiIFRoZVo9IjAiLz48L1BpeGVscz48L0ltYWdlPjxJbWFnZSBJRD0iSW5oaWJpdG9yeSI+PFBpeGVscyBEaW1lbnNpb25PcmRlcj0iWFlDWlQiIElEPSJQaXhlbHM6SW5oaWJpdG9yeSIgU2l6ZT0iMSIgU2l6ZVg9IjEiWT0iMSI+PFRpZmZEYXRhIEZpcnN0Qz0iMCIgRmlyc3RUPSIwIiBaPSIwIkZEPSJsYXU9IjFVSUQgRmlsbWVpbGU6Ly86ckJNb3Jzcm90L0lsY2hwcy0vQzJpMl9FNy1TRUNUSU9OLTExLVJWSC1NTi0yLnRpZiIvPjwvVGlmZkRhdGE+PFBsYW5lIFRoZUM9IjAiIFRoZVQ9IjAiIFRoZVo9IjAiLz48L1BpeGVscz48L0ltYWdlPjwvTw==
Metadata_Tags,"[""ImageNumber""]"
Pipeline_Pipeline,"CellProfiler Pipeline: http://www.cellprofiler.org
Version:4
DateRevision:319
GitHash:
ModuleCount:19
HasImagePlaneDetails:False

Images:[module_num:1|svn_version:\'Unknown\'|variable_revision_number:2|show_window:False|notes:\x5B\'To begin creating your project, use the Images module to compile a list of files and/or folders that you want to analyze. You can also specify a set of rules to include only the desired files in your selected folders.\'\x5D|batch_state:array(\x5B\x5D, dtype=uint8)|enabled:True|wants_pause:False]
    :\xff\xfe
    Filter images?:\xff\xfeI\x00m\x00a\x00g\x00e\x00s\x00 \x00o\x00n\x00l\x00y\x00
    Select the rule criteria:\xff\xfea\x00n\x00d\x00 \x00(\x00e\x00x\x00t\x00e\x00n\x00s\x00i\x00o\x00n\x00 \x00d\x00o\x00e\x00s\x00 \x00i\x00s\x00i\x00m\x00a\x00g\x00e\x00)\x00 \x00(\x00d\x00i\x00r\x00e\x00c\x00t\x00o\x00r\x00y\x00 \x00d\x00o\x00e\x00s\x00n\x00o\x00t\x00 \x00c\x00o\x00n\x00t\x00a\x00i\x00n\x00r\x00e\x00g\x00e\x00x\x00p\x00 \x00""\x00\x5B\x00\\\x00\\\x00\\\x00\\\x00/\x00\x5D\x00\\\x00\\\x00.\x00""\x00)\x00

Metadata:[module_num:2|svn_version:\'Unknown\'|variable_revision_number:5|show_window:False|notes:\x5B\'The Metadata module optionally allows you to extract information describing your images (i.e, metadata) which will be stored along with your measurements. This information can be contained in the file name and/or location, or in an external file.\'\x5D|batch_state:array(\x5B\x5D, dtype=uint8)|enabled:True|wants_pause:False]
    Extract metadata?:\xff\xfeY\x00e\x00s\x00
    Metadata data type:\xff\xfeT\x00e\x00x\x00t\x00
    Metadata types:\xff\xfe{\x00}\x00
    Extraction method count:\xff\xfe1\x00
    Metadata extraction method:\xff\xfeE\x00x\x00t\x00r\x00a\x00c\x00t\x00 \x00f\x00r\x00o\x00m\x00 \x00f\x00i\x00l\x00e\x00/\x00f\x00o\x00l\x00d\x00e\x00r\x00 \x00n\x00a\x00m\x00e\x00s\x00
    Metadata source:\xff\xfeF\x00i\x00l\x00e\x00 \x00n\x00a\x00m\x00e\x00
    Regular expression to extract from file name:\xff\xfe^\x00
    Regular expression to extract from folder name:\xff\xfe(\x00?\x00P\x00<\x00D\x00a\x00t\x00e\x00>\x00\x5B\x000\x00-\x009\x00\x5D\x00{\x004\x00}\x00_\x00\x5B\x000\x00-\x009\x00\x5D\x00{\x002\x00}\x00_\x00\x5B\x000\x00-\x009\x00\x5D\x00{\x002\x00}\x00)\x00$\x00
    Extract metadata from:\xff\xfeA\x00l\x00l\x00 \x00i\x00m\x00a\x00g\x00e\x00s\x00
    Select the filtering criteria:\xff\xfea\x00n\x00d\x00 \x00(\x00f\x00i\x00l\x00e\x00 \x00d\x00o\x00e\x00s\x00 \x00c\x00o\x00n\x00t\x00a\x00i\x00n\x00 \x00""\x00""\x00)\x00
    Metadata file location:\xff\xfeE\x00l\x00s\x00e\x00w\x00h\x00e\x00r\x00e\x00.\x00.\x00.\x00\x7C\x00
    Match file and image metadata:\xff\xfe\x5B\x00\x5D\x00
    Use case insensitive matching?:\xff\xfeN\x00o\x00
    Metadata file name:\xff\xfeN\x00o\x00n\x00e\x00

NamesAndTypes:[module_num:3|svn_version:\'Unknown\'|variable_revision_number:8|show_window:False|notes:\x5B\'The NamesAndTypes module allows you to assign a meaningful name to each image by which other modules will refer to it.\'\x5D|batch_state:array(\x5B\x5D, dtype=uint8)|enabled:True|wants_pause:False]
    Assign a name to:\xff\xfeI\x00m\x00a\x00g\x00e\x00s\x00 \x00m\x00a\x00t\x00c\x00h\x00i\x00n\x00g\x00 \x00r\x00u\x00l\x00e\x00s\x00
    Select the image type:\xff\xfeG\x00r\x00a\x00y\x00s\x00c\x00a\x00l\x00e\x00 \x00i\x00m\x00a\x00g\x00e\x00
    Name to assign these images:\xff\xfeD\x00N\x00A\x00
    Match metadata:\xff\xfe\x5B\x00\x5D\x00
    Image set matching method:\xff\xfeO\x00r\x00d\x00e\x00r\x00
    Set intensity range from:\xff\xfeI\x00m\x00a\x00g\x00e\x00 \x00m\x00e\x00t\x00a\x00d\x00a\x00t\x00a\x00
    Assignments count:\xff\xfe3\x00
    Single images count:\xff\xfe0\x00
    Maximum intensity:\xff\xfe2\x005\x005\x00.\x000\x00
    Process as 3D?:\xff\xfeY\x00e\x00s\x00
    Relative pixel spacing in X:\xff\xfe1\x00.\x000\x00
    Relative pixel spacing in Y:\xff\xfe1\x00.\x000\x00
    Relative pixel spacing in Z:\xff\xfe3\x00.\x000\x00
    Select the rule criteria:\xff\xfea\x00n\x00d\x00 \x00(\x00f\x00i\x00l\x00e\x00 \x00d\x00o\x00e\x00s\x00 \x00c\x00o\x00n\x00t\x00a\x00i\x00n\x00 \x00""\x00C\x000\x00""\x00)\x00
    Name to assign these images:\xff\xfeN\x00e\x00u\x00r\x00o\x00n\x00s\x00
    Name to assign these objects:\xff\xfeC\x00e\x00l\x00l\x00
    Select the image type:\xff\xfeB\x00i\x00n\x00a\x00r\x00y\x00 \x00m\x00a\x00s\x00k\x00
    Set intensity range from:\xff\xfeI\x00m\x00a\x00g\x00e\x00 \x00m\x00e\x00t\x00a\x00d\x00a\x00t\x00a\x00
    Maximum intensity:\xff\xfe2\x005\x005\x00.\x000\x00
    Select the rule criteria:\xff\xfea\x00n\x00d\x00 \x00(\x00f\x00i\x00l\x00e\x00 \x00d\x00o\x00e\x00s\x00 \x00c\x00o\x00n\x00t\x00a\x00i\x00n\x00 \x00""\x00C\x001\x00""\x00)\x00
    Name to assign these images:\xff\xfeS\x00e\x00n\x00s\x00o\x00r\x00y\x00
    Name to assign these objects:\xff\xfeN\x00u\x00c\x00l\x00e\x00u\x00s\x00
    Select the image type:\xff\xfeB\x00i\x00n\x00a\x00r\x00y\x00 \x00m\x00a\x00s\x00k\x00
    Set intensity range from:\xff\xfeI\x00m\x00a\x00g\x00e\x00 \x00m\x00e\x00t\x00a\x00d\x00a\x00t\x00a\x00
    Maximum intensity:\xff\xfe2\x005\x005\x00.\x000\x00
    Select the rule criteria:\xff\xfea\x00n\x00d\x00 \x00(\x00f\x00i\x00l\x00e\x00 \x00d\x00o\x00e\x00s\x00 \x00c\x00o\x00n\x00t\x00a\x00i\x00n\x00 \x00""\x00C\x002\x00""\x00)\x00
    Name to assign these images:\xff\xfeI\x00n\x00h\x00i\x00b\x00i\x00t\x00o\x00r\x00y\x00
    Name to assign these objects:\xff\xfeC\x00y\x00t\x00o\x00p\x00l\x00a\x00s\x00m\x00
    Select the image type:\xff\xfeB\x00i\x00n\x00a\x00r\x00y\x00 \x00m\x00a\x00s\x00k\x00
    Set intensity range from:\xff\xfeI\x00m\x00a\x00g\x00e\x00 \x00m\x00e\x00t\x00a\x00d\x00a\x00t\x00a\x00
    Maximum intensity:\xff\xfe2\x005\x005\x00.\x000\x00

Groups:[module_num:4|svn_version:\'Unknown\'|variable_revision_number:2|show_window:False|notes:\x5B\'The Groups module optionally allows you to split your list of images into image subsets (groups) which will be processed independently of each other. Examples of groupings include screening batches, microtiter plates, time-lapse movies, etc.\'\x5D|batch_state:array(\x5B\x5D, dtype=uint8)|enabled:True|wants_pause:False]
    Do you want to group your images?:\xff\xfeN\x00o\x00
    grouping metadata count:\xff\xfe1\x00
    Metadata category:\xff\xfeN\x00o\x00n\x00e\x00

RemoveHoles:[module_num:5|svn_version:\'Unknown\'|variable_revision_number:1|show_window:False|notes:\x5B\x5D|batch_state:array(\x5B\x5D, dtype=uint8)|enabled:True|wants_pause:False]
    Select the input image:\xff\xfeN\x00e\x00u\x00r\x00o\x00n\x00s\x00
    Name the output image:\xff\xfeN\x00e\x00u\x00r\x00o\x00n\x00s\x00_\x00F\x00i\x00l\x00l\x00e\x00d\x00
    Size of holes to fill:\xff\xfe4\x000\x00.\x000\x00

ConvertImageToObjects:[module_num:6|svn_version:\'Unknown\'|variable_revision_number:1|show_window:False|notes:\x5B\x5D|batch_state:array(\x5B\x5D, dtype=uint8)|enabled:True|wants_pause:False]
    Select the input image:\xff\xfeN\x00e\x00u\x00r\x00o\x00n\x00s\x00_\x00F\x00i\x00l\x00l\x00e\x00d\x00
    Name the output object:\xff\xfeN\x00e\x00u\x00r\x00o\x00n\x00s\x00_\x00O\x00b\x00j\x00
    Convert to boolean image:\xff\xfeY\x00e\x00s\x00
    Preserve original labels:\xff\xfeN\x00o\x00
    Background label:\xff\xfe0\x00
    Connectivity:\xff\xfe3\x00

ConvertImageToObjects:[module_num:7|svn_version:\'Unknown\'|variable_revision_number:1|show_window:False|notes:\x5B\x5D|batch_state:array(\x5B\x5D, dtype=uint8)|enabled:True|wants_pause:False]
    Select the input image:\xff\xfeS\x00e\x00n\x00s\x00o\x00r\x00y\x00
    Name the output object:\xff\xfeS\x00e\x00n\x00s\x00o\x00r\x00y\x00_\x00O\x00b\x00j\x00
    Convert to boolean image:\xff\xfeY\x00e\x00s\x00
    Preserve original labels:\xff\xfeN\x00o\x00
    Background label:\xff\xfe0\x00
    Connectivity:\xff\xfe3\x00

ConvertImageToObjects:[module_num:8|svn_version:\'Unknown\'|variable_revision_number:1|show_window:False|notes:\x5B\x5D|batch_state:array(\x5B\x5D, dtype=uint8)|enabled:True|wants_pause:False]
    Select the input image:\xff\xfeI\x00n\x00h\x00i\x00b\x00i\x00t\x00o\x00r\x00y\x00
    Name the output object:\xff\xfeI\x00n\x00h\x00i\x00b\x00i\x00t\x00o\x00r\x00y\x00_\x00O\x00b\x00j\x00
    Convert to boolean image:\xff\xfeY\x00e\x00s\x00
    Preserve original labels:\xff\xfeN\x00o\x00
    Background label:\xff\xfe0\x00
    Connectivity:\xff\xfe3\x00

DilateObjects:[module_num:9|svn_version:\'Unknown\'|variable_revision_number:1|show_window:False|notes:\x5B\x5D|batch_state:array(\x5B\x5D, dtype=uint8)|enabled:True|wants_pause:False]
    Select the input object:\xff\xfeS\x00e\x00n\x00s\x00o\x00r\x00y\x00_\x00O\x00b\x00j\x00
    Name the output object:\xff\xfeS\x00e\x00n\x00s\x00o\x00r\x00y\x00_\x00O\x00b\x00j\x00_\x00D\x00i\x00l\x00a\x00t\x00e\x00d\x00
    Structuring element:\xff\xfed\x00i\x00s\x00k\x00,\x003\x00

DilateObjects:[module_num:10|svn_version:\'Unknown\'|variable_revision_number:1|show_window:False|notes:\x5B\x5D|batch_state:array(\x5B\x5D, dtype=uint8)|enabled:True|wants_pause:False]
    Select the input object:\xff\xfeI\x00n\x00h\x00i\x00b\x00i\x00t\x00o\x00r\x00y\x00_\x00O\x00b\x00j\x00
    Name the output object:\xff\xfeI\x00n\x00h\x00i\x00b\x00i\x00t\x00o\x00r\x00y\x00_\x00O\x00b\x00j\x00_\x00D\x00i\x00l\x00a\x00t\x00e\x00d\x00
    Structuring element:\xff\xfed\x00i\x00s\x00k\x00,\x003\x00

RelateObjects:[module_num:11|svn_version:\'Unknown\'|variable_revision_number:5|show_window:False|notes:\x5B\x5D|batch_state:array(\x5B\x5D, dtype=uint8)|enabled:True|wants_pause:False]
    Parent objects:\xff\xfeN\x00e\x00u\x00r\x00o\x00n\x00s\x00_\x00O\x00b\x00j\x00
    Child objects:\xff\xfeS\x00e\x00n\x00s\x00o\x00r\x00y\x00_\x00O\x00b\x00j\x00_\x00D\x00i\x00l\x00a\x00t\x00e\x00d\x00
    Calculate child-parent distances?:\xff\xfeC\x00e\x00n\x00t\x00r\x00o\x00i\x00d\x00
    Calculate per-parent means for all child measurements?:\xff\xfeY\x00e\x00s\x00
    Calculate distances to other parents?:\xff\xfeN\x00o\x00
    Do you want to save the children with parents as a new object set?:\xff\xfeY\x00e\x00s\x00
    Name the output object:\xff\xfeC\x00o\x00l\x00o\x00c\x00_\x00S\x00e\x00n\x00s\x00o\x00r\x00y\x00
    Parent name:\xff\xfeN\x00o\x00n\x00e\x00
    Parent name:\xff\xfeN\x00o\x00n\x00e\x00
    Parent name:\xff\xfeN\x00o\x00n\x00e\x00
    Parent name:\xff\xfeN\x00o\x00n\x00e\x00
    Parent name:\xff\xfeN\x00o\x00n\x00e\x00
    Parent name:\xff\xfeN\x00o\x00n\x00e\x00
    Parent name:\xff\xfeN\x00o\x00n\x00e\x00

RelateObjects:[module_num:12|svn_version:\'Unknown\'|variable_revision_number:5|show_window:False|notes:\x5B\x5D|batch_state:array(\x5B\x5D, dtype=uint8)|enabled:True|wants_pause:False]
    Parent objects:\xff\xfeC\x00o\x00l\x00o\x00c\x00_\x00S\x00e\x00n\x00s\x00o\x00r\x00y\x00
    Child objects:\xff\xfeI\x00n\x00h\x00i\x00b\x00i\x00t\x00o\x00r\x00y\x00_\x00O\x00b\x00j\x00_\x00D\x00i\x00l\x00a\x00t\x00e\x00d\x00
    Calculate child-parent distances?:\xff\xfeC\x00e\x00n\x00t\x00r\x00o\x00i\x00d\x00
    Calculate per-parent means for all child measurements?:\xff\xfeY\x00e\x00s\x00
    Calculate distances to other parents?:\xff\xfeN\x00o\x00
    Do you want to save the children with parents as a new object set?:\xff\xfeY\x00e\x00s\x00
    Name the output object:\xff\xfeC\x00o\x00l\x00o\x00c\x00_\x00I\x00n\x00h\x00i\x00b\x00i\x00t\x00o\x00r\x00y\x00
    Parent name:\xff\xfeN\x00o\x00n\x00e\x00
    Parent name:\xff\xfeN\x00o\x00n\x00e\x00
    Parent name:\xff\xfeN\x00o\x00n\x00e\x00
    Parent name:\xff\xfeN\x00o\x00n\x00e\x00
    Parent name:\xff\xfeN\x00o\x00n\x00e\x00
    Parent name:\xff\xfeN\x00o\x00n\x00e\x00
    Parent name:\xff\xfeN\x00o\x00n\x00e\x00

ConvertObjectsToImage:[module_num:13|svn_version:\'Unknown\'|variable_revision_number:1|show_window:False|notes:\x5B\x5D|batch_state:array(\x5B\x5D, dtype=uint8)|enabled:True|wants_pause:False]
    Select the input objects:\xff\xfeN\x00e\x00u\x00r\x00o\x00n\x00s\x00_\x00O\x00b\x00j\x00
    Name the output image:\xff\xfeN\x00e\x00u\x00r\x00o\x00n\x00s\x00_\x00O\x00u\x00t\x00p\x00u\x00t\x00_\x00I\x00m\x00a\x00g\x00e\x00
    Select the color format:\xff\xfeu\x00i\x00n\x00t\x001\x006\x00
    Select the colormap:\xff\xfeD\x00e\x00f\x00a\x00u\x00l\x00t\x00

ConvertObjectsToImage:[module_num:14|svn_version:\'Unknown\'|variable_revision_number:1|show_window:False|notes:\x5B\x5D|batch_state:array(\x5B\x5D, dtype=uint8)|enabled:True|wants_pause:False]
    Select the input objects:\xff\xfeC\x00o\x00l\x00o\x00c\x00_\x00S\x00e\x00n\x00s\x00o\x00r\x00y\x00
    Name the output image:\xff\xfeS\x00e\x00n\x00s\x00o\x00r\x00y\x00_\x00O\x00u\x00t\x00p\x00u\x00t\x00_\x00I\x00m\x00a\x00g\x00e\x00
    Select the color format:\xff\xfeu\x00i\x00n\x00t\x001\x006\x00
    Select the colormap:\xff\xfeD\x00e\x00f\x00a\x00u\x00l\x00t\x00

ConvertObjectsToImage:[module_num:15|svn_version:\'Unknown\'|variable_revision_number:1|show_window:False|notes:\x5B\x5D|batch_state:array(\x5B\x5D, dtype=uint8)|enabled:True|wants_pause:False]
    Select the input objects:\xff\xfeC\x00o\x00l\x00o\x00c\x00_\x00I\x00n\x00h\x00i\x00b\x00i\x00t\x00o\x00r\x00y\x00
    Name the output image:\xff\xfeI\x00n\x00h\x00i\x00b\x00i\x00t\x00o\x00r\x00y\x00_\x00O\x00u\x00t\x00p\x00u\x00t\x00_\x00I\x00m\x00a\x00g\x00e\x00
    Select the color format:\xff\xfeu\x00i\x00n\x00t\x001\x006\x00
    Select the colormap:\xff\xfeD\x00e\x00f\x00a\x00u\x00l\x00t\x00

SaveImages:[module_num:16|svn_version:\'Unknown\'|variable_revision_number:13|show_window:False|notes:\x5B\x5D|batch_state:array(\x5B\x5D, dtype=uint8)|enabled:True|wants_pause:False]
    Select the type of image to save:\xff\xfeM\x00a\x00s\x00k\x00
    Select the image to save:\xff\xfeN\x00e\x00u\x00r\x00o\x00n\x00s\x00_\x00O\x00u\x00t\x00p\x00u\x00t\x00_\x00I\x00m\x00a\x00g\x00e\x00
    Select method for constructing file names:\xff\xfeF\x00r\x00o\x00m\x00 \x00i\x00m\x00a\x00g\x00e\x00 \x00f\x00i\x00l\x00e\x00n\x00a\x00m\x00e\x00
    Select image name for file prefix:\xff\xfeN\x00e\x00u\x00r\x00o\x00n\x00s\x00
    Enter single file name:\xff\xfeO\x00r\x00i\x00g\x00B\x00l\x00u\x00e\x00
    Number of digits:\xff\xfe4\x00
    Append a suffix to the image file name?:\xff\xfeN\x00o\x00
    Text to append to the image name:\xff\xfe
    Saved file format:\xff\xfet\x00i\x00f\x00f\x00
    Output file location:\xff\xfeE\x00l\x00s\x00e\x00w\x00h\x00e\x00r\x00e\x00.\x00.\x00.\x00\x7C\x00E\x00\x3A\x00\\\x00\\\x00O\x00m\x00a\x00r\x00\\\x00\\\x00B\x00I\x00M\x004\x000\x000\x009\x00-\x00H\x00o\x00n\x00o\x00r\x00s\x00-\x00P\x00r\x00o\x00j\x00e\x00c\x00t\x00\\\x00\\\x00C\x00e\x00l\x00l\x00p\x00r\x00o\x00f\x00i\x00l\x00e\x00r\x00-\x00E\x00x\x00p\x00o\x00r\x00t\x00s\x00-\x00M\x00N\x00
    Image bit depth:\xff\xfe8\x00-\x00b\x00i\x00t\x00 \x00i\x00n\x00t\x00e\x00g\x00e\x00r\x00
    Overwrite existing files without warning?:\xff\xfeN\x00o\x00
    When to save:\xff\xfeE\x00v\x00e\x00r\x00y\x00 \x00c\x00y\x00c\x00l\x00e\x00
    Record the file and path information to the saved image?:\xff\xfeN\x00o\x00
    Create subfolders in the output folder?:\xff\xfeN\x00o\x00
    Base image folder:\xff\xfeE\x00l\x00s\x00e\x00w\x00h\x00e\x00r\x00e\x00.\x00.\x00.\x00\x7C\x00

SaveImages:[module_num:17|svn_version:\'Unknown\'|variable_revision_number:13|show_window:False|notes:\x5B\x5D|batch_state:array(\x5B\x5D, dtype=uint8)|enabled:True|wants_pause:False]
    Select the type of image to save:\xff\xfeM\x00a\x00s\x00k\x00
    Select the image to save:\xff\xfeS\x00e\x00n\x00s\x00o\x00r\x00y\x00_\x00O\x00u\x00t\x00p\x00u\x00t\x00_\x00I\x00m\x00a\x00g\x00e\x00
    Select method for constructing file names:\xff\xfeF\x00r\x00o\x00m\x00 \x00i\x00m\x00a\x00g\x00e\x00 \x00f\x00i\x00l\x00e\x00n\x00a\x00m\x00e\x00
    Select image name for file prefix:\xff\xfeS\x00e\x00n\x00s\x00o\x00r\x00y\x00
    Enter single file name:\xff\xfeO\x00r\x00i\x00g\x00B\x00l\x00u\x00e\x00
    Number of digits:\xff\xfe4\x00
    Append a suffix to the image file name?:\xff\xfeN\x00o\x00
    Text to append to the image name:\xff\xfe
    Saved file format:\xff\xfet\x00i\x00f\x00f\x00
    Output file location:\xff\xfeE\x00l\x00s\x00e\x00w\x00h\x00e\x00r\x00e\x00.\x00.\x00.\x00\x7C\x00E\x00\x3A\x00\\\x00\\\x00O\x00m\x00a\x00r\x00\\\x00\\\x00B\x00I\x00M\x004\x000\x000\x009\x00-\x00H\x00o\x00n\x00o\x00r\x00s\x00-\x00P\x00r\x00o\x00j\x00e\x00c\x00t\x00\\\x00\\\x00C\x00e\x00l\x00l\x00p\x00r\x00o\x00f\x00i\x00l\x00e\x00r\x00-\x00E\x00x\x00p\x00o\x00r\x00t\x00s\x00-\x00M\x00N\x00
    Image bit depth:\xff\xfe8\x00-\x00b\x00i\x00t\x00 \x00i\x00n\x00t\x00e\x00g\x00e\x00r\x00
    Overwrite existing files without warning?:\xff\xfeN\x00o\x00
    When to save:\xff\xfeE\x00v\x00e\x00r\x00y\x00 \x00c\x00y\x00c\x00l\x00e\x00
    Record the file and path information to the saved image?:\xff\xfeN\x00o\x00
    Create subfolders in the output folder?:\xff\xfeN\x00o\x00
    Base image folder:\xff\xfeE\x00l\x00s\x00e\x00w\x00h\x00e\x00r\x00e\x00.\x00.\x00.\x00\x7C\x00

SaveImages:[module_num:18|svn_version:\'Unknown\'|variable_revision_number:13|show_window:False|notes:\x5B\x5D|batch_state:array(\x5B\x5D, dtype=uint8)|enabled:True|wants_pause:False]
    Select the type of image to save:\xff\xfeM\x00a\x00s\x00k\x00
    Select the image to save:\xff\xfeI\x00n\x00h\x00i\x00b\x00i\x00t\x00o\x00r\x00y\x00_\x00O\x00u\x00t\x00p\x00u\x00t\x00_\x00I\x00m\x00a\x00g\x00e\x00
    Select method for constructing file names:\xff\xfeF\x00r\x00o\x00m\x00 \x00i\x00m\x00a\x00g\x00e\x00 \x00f\x00i\x00l\x00e\x00n\x00a\x00m\x00e\x00
    Select image name for file prefix:\xff\xfeI\x00n\x00h\x00i\x00b\x00i\x00t\x00o\x00r\x00y\x00
    Enter single file name:\xff\xfeO\x00r\x00i\x00g\x00B\x00l\x00u\x00e\x00
    Number of digits:\xff\xfe4\x00
    Append a suffix to the image file name?:\xff\xfeN\x00o\x00
    Text to append to the image name:\xff\xfe
    Saved file format:\xff\xfet\x00i\x00f\x00f\x00
    Output file location:\xff\xfeE\x00l\x00s\x00e\x00w\x00h\x00e\x00r\x00e\x00.\x00.\x00.\x00\x7C\x00E\x00\x3A\x00\\\x00\\\x00O\x00m\x00a\x00r\x00\\\x00\\\x00B\x00I\x00M\x004\x000\x000\x009\x00-\x00H\x00o\x00n\x00o\x00r\x00s\x00-\x00P\x00r\x00o\x00j\x00e\x00c\x00t\x00\\\x00\\\x00C\x00e\x00l\x00l\x00p\x00r\x00o\x00f\x00i\x00l\x00e\x00r\x00-\x00E\x00x\x00p\x00o\x00r\x00t\x00s\x00-\x00M\x00N\x00
    Image bit depth:\xff\xfe8\x00-\x00b\x00i\x00t\x00 \x00i\x00n\x00t\x00e\x00g\x00e\x00r\x00
    Overwrite existing files without warning?:\xff\xfeN\x00o\x00
    When to save:\xff\xfeE\x00v\x00e\x00r\x00y\x00 \x00c\x00y\x00c\x00l\x00e\x00
    Record the file and path information to the saved image?:\xff\xfeN\x00o\x00
    Create subfolders in the output folder?:\xff\xfeN\x00o\x00
    Base image folder:\xff\xfeE\x00l\x00s\x00e\x00w\x00h\x00e\x00r\x00e\x00.\x00.\x00.\x00\x7C\x00

ExportToSpreadsheet:[module_num:19|svn_version:\'Unknown\'|variable_revision_number:12|show_window:False|notes:\x5B\x5D|batch_state:array(\x5B\x5D, dtype=uint8)|enabled:True|wants_pause:False]
    Select the column delimiter:\xff\xfeC\x00o\x00m\x00m\x00a\x00 \x00(\x00""\x00,\x00""\x00)\x00
    Add image metadata columns to your object data file?:\xff\xfeN\x00o\x00
    Select the measurements to export:\xff\xfeY\x00e\x00s\x00
    Calculate the per-image mean values for object measurements?:\xff\xfeN\x00o\x00
    Calculate the per-image median values for object measurements?:\xff\xfeN\x00o\x00
    Calculate the per-image standard deviation values for object measurements?:\xff\xfeN\x00o\x00
    Output file location:\xff\xfeE\x00l\x00s\x00e\x00w\x00h\x00e\x00r\x00e\x00.\x00.\x00.\x00\x7C\x00E\x00\x3A\x00\\\x00\\\x00O\x00m\x00a\x00r\x00\\\x00\\\x00B\x00I\x00M\x004\x000\x000\x009\x00-\x00H\x00o\x00n\x00o\x00r\x00s\x00-\x00P\x00r\x00o\x00j\x00e\x00c\x00t\x00\\\x00\\\x00C\x00e\x00l\x00l\x00p\x00r\x00o\x00f\x00i\x00l\x00e\x00r\x00-\x00E\x00x\x00p\x00o\x00r\x00t\x00s\x00-\x00M\x00N\x00
    Create a GenePattern GCT file?:\xff\xfeN\x00o\x00
    Select source of sample row name:\xff\xfeM\x00e\x00t\x00a\x00d\x00a\x00t\x00a\x00
    Select the image to use as the identifier:\xff\xfeN\x00o\x00n\x00e\x00
    Select the metadata to use as the identifier:\xff\xfeN\x00o\x00n\x00e\x00
    Export all measurement types?:\xff\xfeY\x00e\x00s\x00
    Press button to select measurements:\xff\xfeC\x00o\x00l\x00o\x00c\x00_\x00S\x00e\x00n\x00s\x00o\x00r\x00y\x00\x7C\x00N\x00u\x00m\x00b\x00e\x00r\x00_\x00O\x00b\x00j\x00e\x00c\x00t\x00_\x00N\x00u\x00m\x00b\x00e\x00r\x00,\x00C\x00o\x00l\x00o\x00c\x00_\x00S\x00e\x00n\x00s\x00o\x00r\x00y\x00\x7C\x00C\x00h\x00i\x00l\x00d\x00r\x00e\x00n\x00_\x00I\x00n\x00h\x00i\x00b\x00i\x00t\x00o\x00r\x00y\x00_\x00O\x00b\x00j\x00_\x00D\x00i\x00l\x00a\x00t\x00e\x00d\x00_\x00C\x00o\x00u\x00n\x00t\x00,\x00N\x00e\x00u\x00r\x00o\x00n\x00s\x00_\x00O\x00b\x00j\x00\x7C\x00L\x00o\x00c\x00a\x00t\x00i\x00o\x00n\x00_\x00C\x00e\x00n\x00t\x00e\x00r\x00_\x00Y\x00,\x00N\x00e\x00u\x00r\x00o\x00n\x00s\x00_\x00O\x00b\x00j\x00\x7C\x00L\x00o\x00c\x00a\x00t\x00i\x00o\x00n\x00_\x00C\x00e\x00n\x00t\x00e\x00r\x00_\x00X\x00,\x00N\x00e\x00u\x00r\x00o\x00n\x00s\x00_\x00O\x00b\x00j\x00\x7C\x00L\x00o\x00c\x00a\x00t\x00i\x00o\x00n\x00_\x00C\x00e\x00n\x00t\x00e\x00r\x00_\x00Z\x00,\x00N\x00e\x00u\x00r\x00o\x00n\x00s\x00_\x00O\x00b\x00j\x00\x7C\x00N\x00u\x00m\x00b\x00e\x00r\x00_\x00O\x00b\x00j\x00e\x00c\x00t\x00_\x00N\x00u\x00m\x00b\x00e\x00r\x00,\x00N\x00e\x00u\x00r\x00o\x00n\x00s\x00_\x00O\x00b\x00j\x00\x7C\x00C\x00h\x00i\x00l\x00d\x00r\x00e\x00n\x00_\x00S\x00e\x00n\x00s\x00o\x00r\x00y\x00_\x00O\x00b\x00j\x00_\x00D\x00i\x00l\x00a\x00t\x00e\x00d\x00_\x00C\x00o\x00u\x00n\x00t\x00,\x00C\x00o\x00l\x00o\x00c\x00_\x00I\x00n\x00h\x00i\x00b\x00i\x00t\x00o\x00r\x00y\x00\x7C\x00N\x00u\x00m\x00b\x00e\x00r\x00_\x00O\x00b\x00j\x00e\x00c\x00t\x00_\x00N\x00u\x00m\x00b\x00e\x00r\x00,\x00C\x00o\x00l\x00o\x00c\x00_\x00I\x00n\x00h\x00i\x00b\x00i\x00t\x00o\x00r\x00y\x00\x7C\x00L\x00o\x00c\x00a\x00t\x00i\x00o\x00n\x00_\x00C\x00e\x00n\x00t\x00e\x00r\x00_\x00Y\x00,\x00C\x00o\x00l\x00o\x00c\x00_\x00I\x00n\x00h\x00i\x00b\x00i\x00t\x00o\x00r\x00y\x00\x7C\x00L\x00o\x00c\x00a\x00t\x00i\x00o\x00n\x00_\x00C\x00e\x00n\x00t\x00e\x00r\x00_\x00X\x00,\x00C\x00o\x00l\x00o\x00c\x00_\x00I\x00n\x00h\x00i\x00b\x00i\x00t\x00o\x00r\x00y\x00\x7C\x00L\x00o\x00c\x00a\x00t\x00i\x00o\x00n\x00_\x00C\x00e\x00n\x00t\x00e\x00r\x00_\x00Z\x00
    Representation of Nan/Inf:\xff\xfeN\x00a\x00N\x00
    Add a prefix to file names?:\xff\xfeY\x00e\x00s\x00
    Filename prefix:\xff\xfeM\x00y\x00E\x00x\x00p\x00t\x00_\x00
    Overwrite existing files without warning?:\xff\xfeN\x00o\x00
    Data to export:\xff\xfeD\x00o\x00 \x00n\x00o\x00t\x00 \x00u\x00s\x00e\x00
    Combine these object measurements with those of the previous object?:\xff\xfeN\x00o\x00
    File name:\xff\xfeD\x00A\x00T\x00A\x00.\x00c\x00s\x00v\x00
    Use the object name for the file name?:\xff\xfeY\x00e\x00s\x00
"
Run_Timestamp,2020-03-25T12:21:03.577000
